-- phpMyAdmin SQL Dump
-- version 4.0.4.2
-- http://www.phpmyadmin.net
--
-- 主機: localhost
-- 產生日期: 2020 年 11 月 16 日 17:10
-- 伺服器版本: 5.6.13
-- PHP 版本: 5.4.17

SET SQL_MODE = "NO_AUTO_VALUE_ON_ZERO";
SET time_zone = "+00:00";


/*!40101 SET @OLD_CHARACTER_SET_CLIENT=@@CHARACTER_SET_CLIENT */;
/*!40101 SET @OLD_CHARACTER_SET_RESULTS=@@CHARACTER_SET_RESULTS */;
/*!40101 SET @OLD_COLLATION_CONNECTION=@@COLLATION_CONNECTION */;
/*!40101 SET NAMES utf8 */;

--
-- 資料庫: `deviceborrowing`
--
CREATE DATABASE IF NOT EXISTS `deviceborrowing` DEFAULT CHARACTER SET utf8 COLLATE utf8_general_ci;
USE `deviceborrowing`;

-- --------------------------------------------------------

--
-- 表的結構 `borrowers`
--

DROP TABLE IF EXISTS `borrowers`;
CREATE TABLE IF NOT EXISTS `borrowers` (
  `borrower_id` int(11) NOT NULL AUTO_INCREMENT COMMENT '借用者代碼(主鍵)',
  `borrower_name` varchar(256) NOT NULL COMMENT '借用者姓名',
  `borrower_gender` char(2) NOT NULL COMMENT '借用者性別',
  `borrower_age` int(11) NOT NULL COMMENT '借用者年齡',
  PRIMARY KEY (`borrower_id`)
) ENGINE=InnoDB  DEFAULT CHARSET=utf8 COMMENT='借用者' AUTO_INCREMENT=17 ;

--
-- 轉存資料表中的資料 `borrowers`
--

INSERT INTO `borrowers` (`borrower_id`, `borrower_name`, `borrower_gender`, `borrower_age`) VALUES
(1, '王家豪', '男', 31),
(2, '李志明', '男', 29),
(3, '李美玲', '女', 28),
(4, '林雅婷', '女', 27),
(5, '陳俊宏', '男', 25),
(6, '謝志豪', '男', 27),
(7, '馮麗華', '女', 26),
(8, '丁淑娟', '女', 25),
(9, '趙文雄', '男', 30),
(10, '周金龍', '男', 29),
(11, '朱淑貞', '女', 27),
(12, '沈怡君', '女', 30),
(13, '吳志強', '男', 26),
(14, '何志偉', '男', 28),
(15, '呂淑華', '女', 26),
(16, '鄭淑惠', '女', 25);

-- --------------------------------------------------------

--
-- 表的結構 `borrowing`
--

DROP TABLE IF EXISTS `borrowing`;
CREATE TABLE IF NOT EXISTS `borrowing` (
  `borrowing_id` int(11) NOT NULL AUTO_INCREMENT COMMENT '借用單代碼(主鍵)',
  `borrower_id` int(11) NOT NULL COMMENT '借用者代碼',
  `inventory_id` int(11) NOT NULL COMMENT '庫存代碼',
  `borrowing_date` datetime NOT NULL COMMENT '借用日期',
  `return_date` datetime DEFAULT NULL COMMENT '歸還日期',
  PRIMARY KEY (`borrowing_id`)
) ENGINE=InnoDB  DEFAULT CHARSET=utf8 COMMENT='器材借用單' AUTO_INCREMENT=24 ;

--
-- 轉存資料表中的資料 `borrowing`
--

INSERT INTO `borrowing` (`borrowing_id`, `borrower_id`, `inventory_id`, `borrowing_date`, `return_date`) VALUES
(1, 1, 1, '2017-08-16 00:00:00', '2017-08-31 00:00:00'),
(2, 2, 6, '2017-08-16 00:00:00', '2017-08-31 00:00:00'),
(3, 3, 26, '2017-09-06 00:00:00', NULL),
(4, 4, 31, '2017-08-14 00:00:00', '2017-09-14 00:00:00'),
(5, 5, 36, '2017-09-04 00:00:00', '2017-09-06 00:00:00'),
(6, 6, 41, '2017-08-22 00:00:00', '2017-08-23 00:00:00'),
(7, 7, 46, '2017-08-17 00:00:00', '2017-09-16 00:00:00'),
(8, 8, 56, '2017-08-18 00:00:00', '2017-08-22 00:00:00'),
(9, 9, 61, '2017-08-29 00:00:00', '2017-09-01 00:00:00'),
(10, 10, 81, '2017-08-23 00:00:00', '2017-08-28 00:00:00'),
(11, 11, 131, '2017-08-23 00:00:00', '2017-09-27 00:00:00'),
(12, 12, 134, '2017-08-23 00:00:00', '2017-09-26 00:00:00'),
(13, 2, 2, '2017-08-30 00:00:00', '2017-09-02 00:00:00'),
(14, 3, 37, '2017-08-30 00:00:00', NULL),
(15, 8, 42, '2017-09-05 00:00:00', NULL),
(16, 5, 47, '2017-09-07 00:00:00', NULL),
(17, 12, 134, '2017-08-01 00:00:00', '2017-08-15 00:00:00'),
(18, 14, 150, '2017-08-13 00:00:00', '2017-08-15 00:00:00'),
(19, 14, 3, '2017-08-01 00:00:00', '2017-08-04 00:00:00'),
(20, 14, 7, '2017-08-01 00:00:00', '2017-08-04 00:00:00'),
(21, 14, 27, '2017-08-01 00:00:00', '2017-08-04 00:00:00'),
(22, 14, 32, '2017-08-01 00:00:00', '2017-08-04 00:00:00'),
(23, 5, 151, '2017-08-13 00:00:00', '2017-08-20 00:00:00');

-- --------------------------------------------------------

--
-- 表的結構 `devices`
--

DROP TABLE IF EXISTS `devices`;
CREATE TABLE IF NOT EXISTS `devices` (
  `device_id` int(11) NOT NULL AUTO_INCREMENT COMMENT '器材代碼(主鍵)',
  `device_name` varchar(256) NOT NULL COMMENT '器材名稱',
  PRIMARY KEY (`device_id`)
) ENGINE=InnoDB  DEFAULT CHARSET=utf8 COMMENT='器材' AUTO_INCREMENT=18 ;

--
-- 轉存資料表中的資料 `devices`
--

INSERT INTO `devices` (`device_id`, `device_name`) VALUES
(1, '電控版'),
(2, '地燈'),
(3, '魔鬼燈'),
(4, '地球燈'),
(5, '大聲公'),
(6, '卡拉OK(擴音器)'),
(7, '麥克風'),
(8, '延長線(蝸牛)'),
(9, '延長線(短)'),
(10, '椅子'),
(11, '指示牌'),
(12, '長條桌'),
(13, '擋板'),
(14, '桿子(擋板用)'),
(15, '投影螢幕'),
(16, '茶桶'),
(17, '籃子(大)');

-- --------------------------------------------------------

--
-- 表的結構 `inventories`
--

DROP TABLE IF EXISTS `inventories`;
CREATE TABLE IF NOT EXISTS `inventories` (
  `inventory_id` int(11) NOT NULL AUTO_INCREMENT COMMENT '存貨代碼(主鍵)',
  `device_id` int(11) NOT NULL COMMENT '器材代碼',
  `available` tinyint(1) NOT NULL DEFAULT '0' COMMENT '可用狀態(1:良好;0:毀損)',
  PRIMARY KEY (`inventory_id`)
) ENGINE=InnoDB  DEFAULT CHARSET=utf8 COMMENT='器材存貨' AUTO_INCREMENT=234 ;

--
-- 轉存資料表中的資料 `inventories`
--

INSERT INTO `inventories` (`inventory_id`, `device_id`, `available`) VALUES
(1, 1, 1),
(2, 1, 1),
(3, 1, 1),
(4, 1, 1),
(5, 1, 1),
(6, 2, 1),
(7, 2, 1),
(8, 2, 0),
(9, 2, 1),
(10, 2, 1),
(11, 2, 1),
(12, 2, 1),
(13, 2, 1),
(14, 2, 1),
(15, 2, 1),
(16, 2, 1),
(17, 2, 1),
(18, 2, 1),
(19, 2, 1),
(20, 2, 1),
(21, 2, 1),
(22, 2, 1),
(23, 2, 1),
(24, 2, 1),
(25, 2, 1),
(26, 3, 1),
(27, 3, 1),
(28, 3, 1),
(29, 3, 1),
(30, 3, 1),
(31, 4, 1),
(32, 4, 1),
(33, 4, 1),
(34, 4, 1),
(35, 4, 1),
(36, 5, 1),
(37, 5, 1),
(38, 5, 1),
(39, 5, 1),
(40, 5, 1),
(41, 6, 1),
(42, 6, 1),
(43, 6, 1),
(44, 6, 1),
(45, 6, 1),
(46, 7, 1),
(47, 7, 1),
(48, 7, 1),
(49, 7, 1),
(50, 7, 1),
(51, 7, 1),
(52, 7, 1),
(53, 7, 1),
(54, 7, 1),
(55, 7, 1),
(56, 8, 1),
(57, 8, 1),
(58, 8, 1),
(59, 8, 1),
(60, 8, 1),
(61, 9, 1),
(62, 9, 1),
(63, 9, 1),
(64, 9, 1),
(65, 9, 1),
(66, 9, 1),
(67, 9, 1),
(68, 9, 1),
(69, 9, 1),
(70, 9, 1),
(71, 9, 1),
(72, 9, 1),
(73, 9, 1),
(74, 9, 1),
(75, 9, 1),
(76, 9, 1),
(77, 9, 1),
(78, 9, 1),
(79, 9, 1),
(80, 9, 1),
(81, 10, 1),
(82, 10, 1),
(83, 10, 1),
(84, 10, 1),
(85, 10, 1),
(86, 10, 1),
(87, 10, 1),
(88, 10, 1),
(89, 10, 1),
(90, 10, 1),
(91, 10, 1),
(92, 10, 1),
(93, 10, 1),
(94, 10, 1),
(95, 10, 1),
(96, 10, 1),
(97, 10, 1),
(98, 10, 1),
(99, 10, 1),
(100, 10, 1),
(101, 10, 1),
(102, 10, 1),
(103, 10, 1),
(104, 10, 1),
(105, 10, 1),
(106, 10, 1),
(107, 10, 1),
(108, 10, 1),
(109, 10, 1),
(110, 10, 1),
(111, 10, 1),
(112, 10, 1),
(113, 10, 1),
(114, 10, 1),
(115, 10, 1),
(116, 10, 1),
(117, 10, 1),
(118, 10, 1),
(119, 10, 1),
(120, 10, 1),
(121, 10, 1),
(122, 10, 1),
(123, 10, 1),
(124, 10, 1),
(125, 10, 1),
(126, 10, 1),
(127, 10, 1),
(128, 10, 1),
(129, 10, 1),
(130, 10, 1),
(131, 11, 1),
(132, 11, 1),
(133, 11, 1),
(134, 12, 1),
(135, 12, 1),
(136, 12, 1),
(137, 12, 1),
(138, 12, 1),
(139, 12, 1),
(140, 13, 1),
(141, 13, 1),
(142, 13, 1),
(143, 13, 1),
(144, 13, 1),
(145, 13, 1),
(146, 13, 1),
(147, 13, 1),
(148, 13, 1),
(149, 13, 1),
(150, 14, 1),
(151, 14, 1),
(152, 14, 1),
(153, 14, 1),
(154, 14, 1),
(155, 14, 1),
(156, 14, 1),
(157, 14, 1),
(158, 14, 1),
(159, 14, 1),
(160, 14, 1),
(161, 14, 1),
(162, 14, 1),
(163, 14, 1),
(164, 14, 1),
(165, 14, 1),
(166, 14, 1),
(167, 14, 1),
(168, 14, 1),
(169, 14, 1),
(170, 15, 1),
(171, 16, 1),
(172, 16, 1),
(173, 16, 1),
(174, 17, 1),
(175, 17, 1),
(176, 17, 1),
(177, 17, 1),
(178, 17, 1),
(179, 17, 1),
(180, 17, 1),
(181, 17, 1),
(182, 17, 1),
(183, 17, 1),
(184, 17, 1),
(185, 17, 1),
(186, 17, 1),
(187, 17, 1),
(188, 17, 1),
(189, 17, 1),
(190, 17, 1),
(191, 17, 1),
(192, 17, 1),
(193, 17, 1),
(194, 17, 1),
(195, 17, 1),
(196, 17, 1),
(197, 17, 1),
(198, 17, 1),
(199, 17, 1),
(200, 17, 1),
(201, 17, 1),
(202, 17, 1),
(203, 17, 1),
(204, 17, 1),
(205, 17, 1),
(206, 17, 1),
(207, 17, 1),
(208, 17, 1),
(209, 17, 1),
(210, 17, 1),
(211, 17, 1),
(212, 17, 1),
(213, 17, 1),
(214, 17, 1),
(215, 17, 1),
(216, 17, 1),
(217, 17, 1),
(218, 17, 1),
(219, 17, 1),
(220, 17, 1),
(221, 17, 1),
(222, 17, 1),
(223, 17, 1),
(224, 17, 1),
(225, 17, 1),
(226, 17, 1),
(227, 17, 1),
(228, 17, 1),
(229, 17, 1),
(230, 17, 1),
(231, 17, 1),
(232, 17, 1),
(233, 17, 1);

/*!40101 SET CHARACTER_SET_CLIENT=@OLD_CHARACTER_SET_CLIENT */;
/*!40101 SET CHARACTER_SET_RESULTS=@OLD_CHARACTER_SET_RESULTS */;
/*!40101 SET COLLATION_CONNECTION=@OLD_COLLATION_CONNECTION */;
